start,end,character,arousal,valence,direction,emotion,oncue,offcue
133.0,189.0,FORREST,LOW,NEG,SELF,,FACE,EMOCHANGE
181.0,232.0,WOMAN,LOW,POS,SELF,,GESTURE,EMOCHANGE
189.0,272.0,FORREST,LOW,POS,OTHER,HAPPINESS,AUDIO GESTURE FACE VERBAL,SCENEEND
232.0,262.0,WOMAN,LOW,NEG,OTHER,,FACE VERBAL,CHARLEFT
272.0,310.0,FORREST,LOW,NEG,SELF,,CONTEXT FACE,SCENEEND
273.0,276.0,FORRESTVO,LOW,POS,SELF,,VERBAL,CHARLEFT
275.0,312.0,MAN,LOW,POS,OTHER,,FACE VERBAL,SCENEEND
290.0,310.0,MRSGUMP,LOW,NEG,OTHER,COMPASSION,GESTURE FACE,EMOCHANGE
310.0,312.0,MRSGUMP,HIGH,NEG,OTHER,FEAR,FACE VERBAL,SCENEEND
313.0,318.0,FORRESTVO,LOW,POS,SELF,,VERBAL,SCENEEND
316.0,318.0,FORREST,LOW,NEG,SELF,,CONTEXT FACE,SCENEEND
317.0,318.0,MRSGUMP,LOW,NEG,SELF,,FACE,SCENEEND
318.0,343.0,FORRESTVO,LOW,POS,SELF,,VERBAL,SCENEEND
343.0,352.0,MRSGUMP,LOW,POS,SELF,,CONTEXT FACE,EMOCHANGE
343.0,386.0,FORREST,LOW,NEG,SELF,,CONTEXT FACE,SCENEEND
343.0,386.0,FORRESTVO,LOW,POS,SELF,,VERBAL,SCENEEND
352.0,386.0,MRSGUMP,HIGH,NEG,OTHER,,FACE VERBAL,SCENEEND
356.0,386.0,OLDMEN,LOW,NEG,OTHER,,FACE,SCENEEND
386.0,435.0,FORREST,LOW,NEG,SELF,,CONTEXT FACE,SCENEEND
386.0,435.0,MRSGUMP,LOW,NEG,OTHER,,FACE VERBAL,SCENEEND
387.0,420.0,FORRESTVO,LOW,POS,SELF,,VERBAL,CHARLEFT
434.0,448.0,MAN,LOW,NEG,OTHER,,AUDIO FACE VERBAL,SCENEEND
440.0,448.0,MRSGUMP,LOW,POS,SELF,,FACE VERBAL,SCENEEND
448.0,463.0,FORREST,LOW,NEG,SELF,,GESTURE FACE,SCENEEND
448.0,457.0,FORRESTVO,LOW,POS,SELF,,VERBAL,CHARLEFT
457.0,463.0,MAN,LOW,POS,OTHER,,VERBAL,SCENEEND
462.0,494.0,MAN,LOW,POS,OTHER,GLOATING,FACE VERBAL,EMOCHANGE
467.0,500.0,MRSGUMP,HIGH,NEG,OTHER,,FACE VERBAL,SCENEEND
494.0,500.0,MAN,LOW,NEG,OTHER,,FACE,SCENEEND
500.0,508.0,FORREST,LOW,NEG,OTHER,,CONTEXT FACE,SCENEEND
500.0,508.0,MAN,LOW,POS,OTHER,,CONTEXT VERBAL,SCENEEND
508.0,517.0,MAN,LOW,POS,OTHER,,FACE VERBAL,CHARLEFT
513.0,517.0,MRSGUMP,LOW,NEG,OTHER,,FACE VERBAL,SCENEEND
517.0,548.0,FORREST,LOW,NEG,OTHER,,FACE,EMOCHANGE
527.0,548.0,MAN,HIGH,POS,OTHER,,CONTEXT FACE VERBAL,EMOCHANGE
548.0,555.0,FORREST,LOW,POS,OTHER,,AUDIO CONTEXT FACE,SCENEEND
548.0,555.0,MAN,LOW,NEG,OTHER,,CONTEXT FACE,SCENEEND
555.0,571.0,MRSGUMP,LOW,POS,SELF,,GESTURE VERBAL,EMOCHANGE
555.0,586.0,FORREST,LOW,NEG,SELF,,CONTEXT GESTURE FACE,SCENEEND
571.0,586.0,MRSGUMP,LOW,NEG,OTHER,SADNESS,AUDIO GESTURE FACE VERBAL,SCENEEND
583.0,586.0,FORRESTVO,LOW,NEG,SELF,SADNESS,CONTEXT VERBAL,SCENEEND
587.0,595.0,WOMEN,LOW,POS,OTHER,,AUDIO,SCENEEND
588.0,595.0,FORRESTVO,LOW,POS,SELF,,VERBAL,SCENEEND
595.0,633.0,MRSGUMP,HIGH,POS,OTHER,,GESTURE FACE VERBAL,EMOCHANGE
597.0,609.0,CROWD,LOW,POS,OTHER,,FACE,CHARLEFT
598.0,670.0,FORRESTVO,LOW,POS,SELF,,AUDIO VERBAL,SCENEEND
628.0,670.0,ELVISPRESLEY,LOW,POS,OTHER,,GESTURE VERBAL,SCENEEND
629.0,670.0,FORREST,LOW,POS,SELF,,GESTURE FACE,SCENEEND
633.0,640.0,MRSGUMP,LOW,NEG,OTHER,,FACE VERBAL,EMOCHANGE
640.0,647.0,MRSGUMP,LOW,POS,SELF,,FACE VERBAL,CHARLEFT
669.0,702.0,FORRESTVO,LOW,POS,SELF,,VERBAL,SCENEEND
672.0,702.0,ELVISPRESLEY,HIGH,POS,SELF,,CONTEXT GESTURE FACE,SCENEEND
680.0,690.0,MRSGUMP,HIGH,NEG,OTHER,,GESTURE FACE VERBAL,CHARLEFT
680.0,693.0,FORREST,LOW,NEG,OTHER,,CONTEXT GESTURE FACE,CHARLEFT
703.0,713.0,FORREST,LOW,POS,SELF,,FACE VERBAL,SCENEEND
703.0,713.0,WOMAN,LOW,NEG,OTHER,,FACE,SCENEEND
713.0,752.0,FORREST,LOW,POS,SELF,,CONTEXT FACE,SCENEEND
713.0,722.0,MRSGUMP,LOW,POS,OTHER,,GESTURE FACE VERBAL,CHARLEFT
718.0,724.0,FORRESTVO,LOW,POS,SELF,,VERBAL,CHARLEFT
722.0,740.0,WOMAN,LOW,NEG,SELF,,FACE VERBAL,EMOCHANGE
740.0,749.0,WOMAN,LOW,POS,OTHER,,FACE,CHARLEFT
752.0,758.0,FORREST,LOW,POS,SELF,HOPE,CONTEXT FACE,EMOCHANGE
755.0,761.0,BOY,HIGH,NEG,OTHER,CONTEMPT,GESTURE FACE VERBAL,CHARLEFT
757.0,761.0,BOY,HIGH,NEG,OTHER,CONTEMPT,GESTURE FACE VERBAL,CHARLEFT
758.0,778.0,FORREST,LOW,NEG,SELF,SADNESS,CONTEXT GESTURE FACE,SCENEEND
762.0,765.0,GIRL,LOW,NEG,OTHER,,GESTURE FACE,CHARLEFT
767.0,773.0,BOY,HIGH,NEG,OTHER,CONTEMPT,GESTURE FACE VERBAL,EMOFADED
771.0,778.0,FORRESTVO,LOW,POS,SELF,,VERBAL,SCENEEND
779.0,786.0,FORREST,LOW,POS,SELF,,FACE VERBAL,EMOCHANGE
786.0,791.0,FORREST,LOW,POS,OTHER,LOVE,FACE VERBAL,SCENEEND
791.0,796.0,FORREST,LOW,NEG,SELF,,CONTEXT FACE,EMOCHANGE
791.0,847.0,FORRESTVO,LOW,POS,OTHER,LOVE,VERBAL,SCENEEND
793.0,847.0,JENNY,LOW,POS,OTHER,,GESTURE FACE VERBAL,SCENEEND
796.0,847.0,FORREST,HIGH,POS,OTHER,LOVE,GESTURE FACE,SCENEEND
847.0,864.0,JENNY,LOW,POS,OTHER,HAPPINESS,GESTURE FACE,CHARLEFT
847.0,864.0,FORRESTVO,LOW,POS,OTHER,,VERBAL,CHARLEFT
848.0,865.0,FORREST,LOW,POS,OTHER,HAPPINESS,GESTURE FACE,SCENEEND
866.0,886.0,FORRESTVO,LOW,POS,OTHER,LOVE,VERBAL,SCENEEND
870.0,886.0,FORREST,LOW,POS,OTHER,,CONTEXT,SCENEEND
873.0,882.0,JENNY,LOW,NEG,OTHER,LOVE,GESTURE VERBAL,EMOCHANGE
882.0,886.0,JENNY,LOW,POS,OTHER,HAPPINESS,GESTURE FACE,SCENEEND
886.0,894.0,FORREST,LOW,NEG,SELF,SADNESS,FACE VERBAL,EMOCHANGE
892.0,900.0,WOMAN,LOW,POS,OTHER,,CONTEXT GESTURE FACE,SCENEEND
894.0,900.0,FORREST,LOW,POS,SELF,,FACE VERBAL,SCENEEND
899.0,911.0,JENNY,LOW,NEG,OTHER,COMPASSION,GESTURE FACE VERBAL,EMOCHANGE
900.0,975.0,BOY,HIGH,NEG,OTHER,CONTEMPT,GESTURE FACE VERBAL,CHARLEFT
900.0,975.0,BOY,HIGH,NEG,OTHER,CONTEMPT,GESTURE FACE VERBAL,CHARLEFT
900.0,975.0,BOY,HIGH,NEG,OTHER,CONTEMPT,GESTURE FACE VERBAL,CHARLEFT
900.0,928.0,FORREST,LOW,NEG,OTHER,ANGERRAGE,CONTEXT,EMOCHANGE
911.0,927.0,JENNY,HIGH,NEG,OTHER,FEAR,GESTURE FACE VERBAL,CHARLEFT
928.0,968.0,FORREST,HIGH,NEG,OTHER,FEAR,AUDIO CONTEXT GESTURE FACE,EMOCHANGE
968.0,980.0,FORREST,HIGH,POS,SELF,,GESTURE FACE,SCENEEND
977.0,980.0,FORRESTVO,LOW,POS,SELF,,VERBAL,SCENEEND
980.0,991.0,FORREST,HIGH,POS,SELF,HAPPINESS,CONTEXT FACE VERBAL,SCENEEND
984.0,985.0,WOMAN,LOW,NEG,OTHER,,FACE,CHARLEFT
991.0,1009.0,FORREST,HIGH,POS,SELF,HAPPINESS,CONTEXT,SCENEEND
991.0,992.0,FORRESTVO,LOW,POS,SELF,HAPPINESS,CONTEXT VERBAL,CHARLEFT
991.0,1001.0,BOY,HIGH,NEG,OTHER,ANGERRAGE,GESTURE VERBAL,CHARLEFT
991.0,1001.0,BOY,HIGH,NEG,OTHER,ANGERRAGE,GESTURE,CHARLEFT
991.0,1001.0,BOY,HIGH,NEG,OTHER,ANGERRAGE,GESTURE,CHARLEFT
1009.0,1018.0,FORREST,HIGH,POS,SELF,,CONTEXT,SCENEEND
1019.0,1024.0,FORREST,HIGH,POS,SELF,HAPPINESS,CONTEXT,CHARLEFT
1023.0,1027.0,MAN,LOW,NEG,OTHER,,FACE VERBAL,SCENEEND
1026.0,1105.0,FORREST,LOW,NEG,OTHER,,CONTEXT FACE VERBAL,CHARLEFT
1030.0,1056.0,FORRESTVO,LOW,POS,SELF,,VERBAL,EMOCHANGE
1056.0,1110.0,FORRESTVO,LOW,NEG,SELF,SADNESS,CONTEXT VERBAL,SCENEEND
1062.0,1066.0,JENNY,LOW,NEG,SELF,,CONTEXT FACE,EMOCHANGE
1065.0,1110.0,JENNYSDAD,HIGH,NEG,OTHER,ANGERRAGE,GESTURE VERBAL,SCENEEND
1066.0,1105.0,JENNY,HIGH,NEG,OTHER,FEAR,CONTEXT GESTURE FACE VERBAL,CHARLEFT
1110.0,1124.0,JENNY,LOW,POS,OTHER,,CONTEXT,SCENEEND
1111.0,1124.0,FORRESTVO,LOW,POS,SELF,,VERBAL,SCENEEND
1117.0,1124.0,JENNYSGRANDMA,LOW,POS,OTHER,,GESTURE VERBAL,SCENEEND
1123.0,1135.0,FORRESTVO,LOW,POS,SELF,,VERBAL,SCENEEND
1136.0,1144.0,JENNY,LOW,POS,OTHER,HAPPINESS,GESTURE FACE,SCENEEND
1136.0,1144.0,FORRESTVO,LOW,POS,SELF,,VERBAL,SCENEEND
1136.0,1138.0,FORREST,LOW,POS,OTHER,,FACE,EMOCHANGE
1138.0,1144.0,FORREST,LOW,NEG,OTHER,,FACE,SCENEEND
1147.0,1167.0,OLDERBOYS,HIGH,NEG,OTHER,CONTEMPT,CONTEXT VERBAL,EMOCHANGE
1147.0,1149.0,FORRESTVO,LOW,POS,SELF,,VERBAL,CHARLEFT
1148.0,1156.0,FORREST,LOW,NEG,OTHER,,CONTEXT,EMOCHANGE
1148.0,1171.0,JENNY,HIGH,NEG,OTHER,ANGERRAGE,FACE VERBAL,EMOCHANGE
1155.0,1164.0,JENNY,HIGH,NEG,OTHER,FEAR,CONTEXT FACE VERBAL,SCENEEND
1156.0,1171.0,FORREST,HIGH,NEG,OTHER,FEAR,CONTEXT,SCENEEND
1167.0,1171.0,OLDERBOYS,HIGH,POS,OTHER,GLOATING,AUDIO,SCENEEND
1171.0,1173.0,OLDERBOYS,HIGH,NEG,OTHER,CONTEMPT,CONTEXT VERBAL,SCENEEND
1171.0,1173.0,FORREST,HIGH,NEG,OTHER,FEAR,CONTEXT,SCENEEND
1173.0,1194.0,FORREST,HIGH,NEG,OTHER,FEAR,CONTEXT GESTURE FACE,SCENEEND
1173.0,1194.0,OLDERBOYS,HIGH,POS,OTHER,GLOATING,AUDIO GESTURE,SCENEEND
1190.0,1193.0,JENNY,HIGH,NEG,OTHER,FEAR,CONTEXT FACE VERBAL,CHARLEFT
1194.0,1202.0,FORREST,LOW,POS,SELF,HAPPINESS,FACE VERBAL,SCENEEND
1202.0,1241.0,FORREST,HIGH,NEG,OTHER,FEAR,CONTEXT FACE,SCENEEND
1205.0,1214.0,OLDERBOYS,HIGH,POS,OTHER,GLOATING,AUDIO CONTEXT,CHARLEFT
1219.0,1236.0,MAN,HIGH,POS,OTHER,ADMIRATION,FACE VERBAL,CHARLEFT
1221.0,1236.0,MAN,LOW,POS,OTHER,ADMIRATION,FACE VERBAL,CHARLEFT
1237.0,1240.0,FORRESTVO,LOW,POS,SELF,HAPPINESS,VERBAL,CHARLEFT
1246.0,1285.0,FORREST,HIGH,NEG,SELF,,CONTEXT FACE,CHARLEFT
1246.0,1251.0,MAN,HIGH,POS,OTHER,,FACE VERBAL,CHARLEFT
1251.0,1285.0,MAN,HIGH,NEG,OTHER,,GESTURE FACE VERBAL,EMOCHANGE
1285.0,1292.0,MAN,HIGH,POS,OTHER,HAPPINESS,AUDIO FACE VERBAL,SCENEEND
1293.0,1318.0,FORREST,LOW,NEG,SELF,SADNESS,FACE,EMOCHANGE
1312.0,1336.0,JENNY,HIGH,POS,OTHER,,CONTEXT GESTURE VERBAL,EMOCHANGE
1312.0,1335.0,MAN,HIGH,POS,OTHER,,CONTEXT,EMOCHANGE
1318.0,1324.0,FORREST,LOW,NEG,OTHER,,GESTURE FACE,EMOCHANGE
1324.0,1342.0,FORREST,HIGH,NEG,OTHER,ANGERRAGE,GESTURE FACE,EMOCHANGE
1335.0,1358.0,MAN,HIGH,NEG,OTHER,ANGERRAGE,CONTEXT GESTURE VERBAL,CHARLEFT
1336.0,1349.0,JENNY,HIGH,NEG,OTHER,ANGERRAGE,GESTURE FACE VERBAL,EMOCHANGE
1342.0,1382.0,FORREST,LOW,NEG,SELF,SHAME,GESTURE FACE VERBAL,EMOFADED
1349.0,1354.0,JENNY,HIGH,NEG,OTHER,SADNESS,FACE VERBAL,EMOCHANGE
1354.0,1370.0,JENNY,HIGH,NEG,OTHER,ANGERRAGE,GESTURE FACE VERBAL,EMOCHANGE
1370.0,1385.0,JENNY,LOW,NEG,OTHER,COMPASSION,AUDIO GESTURE FACE VERBAL,SCENEEND
1386.0,1395.0,JENNY,LOW,NEG,OTHER,,AUDIO GESTURE FACE,CHARLEFT
1388.0,1396.0,FORREST,LOW,POS,OTHER,,GESTURE FACE VERBAL,CHARLEFT
1398.0,1442.0,JENNY,LOW,POS,SELF,,FACE VERBAL,EMOCHANGE
1401.0,1432.0,FORREST,LOW,POS,OTHER,ADMIRATION,FACE VERBAL,EMOCHANGE
1432.0,1474.0,FORREST,HIGH,NEG,OTHER,,GESTURE FACE,EMOCHANGE
1442.0,1525.0,JENNY,LOW,POS,OTHER,,GESTURE FACE VERBAL,SCENEEND
1474.0,1482.0,FORREST,HIGH,POS,OTHER,,GESTURE FACE,EMOCHANGE
1482.0,1509.0,FORREST,HIGH,NEG,SELF,SHAME,GESTURE FACE VERBAL,EMOCHANGE
1509.0,1525.0,FORREST,LOW,POS,OTHER,,AUDIO FACE,SCENEEND
1519.0,1525.0,GIRL,HIGH,NEG,OTHER,,FACE,SCENEEND
1525.0,1545.0,CROWD,HIGH,POS,OTHER,HAPPINESS,AUDIO GESTURE VERBAL,SCENEEND
1529.0,1545.0,FORREST,HIGH,POS,SELF,,CONTEXT,SCENEEND
1540.0,1545.0,FORRESTVO,LOW,POS,SELF,,VERBAL,SCENEEND
1545.0,1550.0,FORRESTVO,LOW,POS,SELF,,VERBAL,SCENEEND
1551.0,1556.0,FORRESTVO,LOW,POS,SELF,,VERBAL,CHARLEFT
1553.0,1556.0,PRESIDENTKENNEDY,LOW,POS,OTHER,,FACE,SCENEEND
1553.0,1556.0,FORREST,LOW,POS,OTHER,,CONTEXT,SCENEEND
1553.0,1556.0,MEN,LOW,POS,OTHER,,AUDIO FACE,SCENEEND
1556.0,1577.0,FORRESTVO,LOW,POS,SELF,HAPPINESS,VERBAL,CHARLEFT
1568.0,1580.0,FORREST,LOW,POS,SELF,,CONTEXT,SCENEEND
1580.0,1599.0,FORREST,HIGH,NEG,SELF,,GESTURE FACE VERBAL,SCENEEND
1580.0,1583.0,MAN,LOW,POS,SELF,PRIDE,CONTEXT GESTURE VERBAL,CHARLEFT
1580.0,1592.0,MAN,LOW,POS,SELF,PRIDE,GESTURE FACE VERBAL,CHARLEFT
1580.0,1597.0,PRESIDENTKENNEDY,LOW,POS,OTHER,,GESTURE FACE VERBAL,EMOCHANGE
1582.0,1587.0,MAN,HIGH,POS,SELF,PRIDE,GESTURE FACE VERBAL,CHARLEFT
1597.0,1599.0,PRESIDENTKENNEDY,LOW,NEG,OTHER,,GESTURE FACE VERBAL,SCENEEND
1599.0,1619.0,FORREST,LOW,POS,SELF,,AUDIO GESTURE FACE,SCENEEND
1614.0,1619.0,FORRESTVO,LOW,POS,SELF,,VERBAL,SCENEEND
1619.0,1623.0,FORRESTVO,LOW,POS,SELF,,VERBAL,SCENEEND
1619.0,1623.0,PRESIDENTKENNEDY,LOW,POS,OTHER,HAPPINESS,GESTURE FACE,SCENEEND
1623.0,1628.0,FORRESTVO,LOW,POS,SELF,,VERBAL,SCENEEND
1623.0,1628.0,ROBERTKENNEDY,LOW,NEG,SELF,,GESTURE FACE,SCENEEND
1623.0,1628.0,CROWD,LOW,POS,OTHER,,FACE,SCENEEND
1628.0,1634.0,FORREST,LOW,NEG,SELF,,FACE VERBAL,SCENEEND
1635.0,1644.0,MAN,LOW,POS,OTHER,,GESTURE FACE VERBAL,CHARLEFT
1635.0,1642.0,FORRESTVO,LOW,POS,SELF,,VERBAL,CHARLEFT
1636.0,1661.0,FORREST,LOW,POS,SELF,,CONTEXT FACE,SCENEEND
1644.0,1661.0,MRSGUMP,HIGH,POS,OTHER,PRIDE,GESTURE FACE VERBAL,SCENEEND
1647.0,1661.0,MAN,LOW,POS,OTHER,,CONTEXT GESTURE,SCENEEND
1662.0,1670.0,MAN,HIGH,NEG,OTHER,CONTEMPT,GESTURE FACE VERBAL,EMOFADED
1662.0,1691.0,FORREST,LOW,NEG,OTHER,,GESTURE FACE VERBAL,EMOCHANGE
1672.0,1674.0,MAN,LOW,NEG,OTHER,CONTEMPT,GESTURE VERBAL,EMOFADED
1674.0,1678.0,MAN,LOW,NEG,OTHER,CONTEMPT,GESTURE VERBAL,EMOFADED
1679.0,1686.0,FORRESTVO,LOW,NEG,SELF,,CONTEXT VERBAL,EMOCHANGE
1686.0,1735.0,BUBBA,LOW,POS,OTHER,,GESTURE VERBAL,SCENEEND
1690.0,1735.0,FORREST,LOW,POS,OTHER,,CONTEXT,SCENEEND
1691.0,1735.0,FORRESTVO,LOW,POS,SELF,,CONTEXT VERBAL,SCENEEND
1736.0,1740.0,BUBBASGRGRANDMA,LOW,POS,SELF,,FACE,SCENEEND
1737.0,1740.0,FORRESTVO,LOW,POS,SELF,,VERBAL,SCENEEND
1738.0,1740.0,MAN,LOW,NEG,SELF,,FACE,SCENEEND
1740.0,1745.0,BUBBASGRGRGRANDMA,LOW,NEG,SELF,,FACE,SCENEEND
1740.0,1745.0,FORRESTVO,LOW,POS,SELF,,VERBAL,SCENEEND
1745.0,1759.0,BUBBA,LOW,POS,OTHER,,CONTEXT FACE VERBAL,SCENEEND
1745.0,1747.0,FORRESTVO,LOW,POS,SELF,,VERBAL,CHARLEFT
1750.0,1759.0,FORREST,LOW,POS,OTHER,,CONTEXT VERBAL,SCENEEND
1759.0,1766.0,MAN,HIGH,NEG,OTHER,,FACE VERBAL,EMOCHANGE
1759.0,1796.0,FORREST,HIGH,NEG,OTHER,,CONTEXT FACE,SCENEEND
1766.0,1778.0,MAN,HIGH,POS,OTHER,ADMIRATION,VERBAL,EMOCHANGE
1778.0,1793.0,MAN,HIGH,NEG,OTHER,,VERBAL,CHARLEFT
1780.0,1789.0,FORRESTVO,LOW,POS,SELF,,VERBAL,CHARLEFT
1796.0,1845.0,BUBBA,LOW,POS,SELF,,FACE VERBAL,SCENEEND
1804.0,1845.0,FORREST,LOW,NEG,SELF,,FACE VERBAL,SCENEEND
1811.0,1845.0,MAN,HIGH,POS,OTHER,,FACE VERBAL,SCENEEND
1846.0,1857.0,BUBBA,LOW,POS,SELF,,FACE VERBAL,SCENEEND
1849.0,1857.0,FORREST,LOW,POS,SELF,,CONTEXT GESTURE,SCENEEND
1857.0,1872.0,BUBBA,LOW,POS,SELF,,FACE VERBAL,SCENEEND
1857.0,1872.0,FORREST,LOW,POS,OTHER,,CONTEXT FACE,SCENEEND
1872.0,1877.0,BUBBA,LOW,NEG,SELF,SADNESS,FACE,CHARLEFT
1873.0,1883.0,FORRESTVO,LOW,NEG,SELF,SADNESS,VERBAL,CHARLEFT
1877.0,1903.0,FORREST,LOW,NEG,OTHER,SADNESS,CONTEXT FACE,EMOCHANGE
1887.0,1893.0,MAN,HIGH,POS,OTHER,,FACE VERBAL,CHARLEFT
1903.0,1915.0,FORREST,LOW,POS,OTHER,,FACE,SCENEEND
1904.0,1912.0,FORRESTVO,LOW,POS,SELF,,VERBAL,CHARLEFT
1915.0,1977.0,FORRESTVO,HIGH,POS,OTHER,ADMIRATION,VERBAL,CHARLEFT
1916.0,2002.0,FORREST,LOW,POS,OTHER,,CONTEXT,EMOCHANGE
1931.0,1979.0,CROWD,HIGH,POS,OTHER,,AUDIO GESTURE FACE VERBAL,EMOCHANGE
1933.0,1948.0,MAN,LOW,POS,SELF,,GESTURE VERBAL,CHARLEFT
1949.0,1999.0,JENNY,LOW,NEG,SELF,,CONTEXT GESTURE FACE,EMOCHANGE
1979.0,2029.0,CROWD,LOW,POS,OTHER,GLOATING,GESTURE FACE VERBAL,SCENEEND
1999.0,2028.0,JENNY,HIGH,NEG,OTHER,ANGERRAGE,GESTURE FACE VERBAL,CHARLEFT
2000.0,2015.0,MAN,HIGH,NEG,OTHER,ANGERRAGE,GESTURE FACE VERBAL,CHARLEFT
2002.0,2029.0,FORREST,HIGH,NEG,OTHER,ANGERRAGE,GESTURE FACE VERBAL,SCENEEND
2029.0,2039.0,FORREST,HIGH,NEG,OTHER,ANGERRAGE,FACE VERBAL,EMOCHANGE
2029.0,2047.0,JENNY,HIGH,NEG,OTHER,ANGERRAGE,GESTURE FACE VERBAL,EMOCHANGE
2039.0,2080.0,FORREST,LOW,NEG,OTHER,SADNESS,FACE VERBAL,EMOCHANGE
2047.0,2091.0,JENNY,LOW,NEG,OTHER,SADNESS,AUDIO CONTEXT FACE VERBAL,EMOCHANGE
2080.0,2104.0,FORREST,HIGH,NEG,OTHER,FEAR,FACE VERBAL,EMOCHANGE
2091.0,2107.0,JENNY,HIGH,NEG,OTHER,ANGERRAGE,GESTURE FACE VERBAL,EMOCHANGE
2104.0,2129.0,FORREST,LOW,NEG,OTHER,SADNESS,CONTEXT FACE,EMOCHANGE
2107.0,2148.0,JENNY,LOW,NEG,OTHER,SADNESS,FACE VERBAL,CHARLEFT
2129.0,2151.0,FORREST,LOW,POS,OTHER,,CONTEXT FACE VERBAL,SCENEEND
2161.0,2181.0,FORREST,LOW,NEG,OTHER,,FACE,EMOFADED
2162.0,2181.0,BUBBA,LOW,NEG,OTHER,,FACE,EMOFADED
2188.0,2199.0,FORRESTVO,LOW,POS,SELF,,VERBAL,CHARLEFT
2209.0,2228.0,FORREST,LOW,POS,SELF,,GESTURE FACE VERBAL,EMOCHANGE
2209.0,2228.0,BUBBA,LOW,POS,OTHER,,GESTURE FACE VERBAL,EMOCHANGE
2228.0,2307.0,BUBBA,HIGH,POS,OTHER,,GESTURE FACE VERBAL,CHARLEFT
2228.0,2307.0,FORREST,HIGH,POS,OTHER,,GESTURE FACE VERBAL,CHARLEFT
2229.0,2237.0,DAN,LOW,NEG,OTHER,,GESTURE FACE VERBAL,EMOCHANGE
2237.0,2263.0,DAN,LOW,POS,OTHER,,FACE VERBAL,EMOCHANGE
2263.0,2265.0,DAN,LOW,NEG,OTHER,,FACE,EMOCHANGE
2265.0,2291.0,DAN,LOW,POS,SELF,,FACE VERBAL,EMOCHANGE
2291.0,2309.0,DAN,HIGH,NEG,OTHER,ANGERRAGE,GESTURE VERBAL,SCENEEND
2293.0,2309.0,MAN,LOW,NEG,OTHER,,FACE,SCENEEND
2297.0,2309.0,FORRESTVO,LOW,POS,OTHER,ADMIRATION,VERBAL,SCENEEND
2309.0,2310.0,FORRESTVO,LOW,NEG,OTHER,,CONTEXT VERBAL,SCENEEND
2311.0,2313.0,FORRESTVO,LOW,POS,SELF,,VERBAL,SCENEEND
2313.0,2315.0,FORRESTVO,LOW,NEG,SELF,,CONTEXT VERBAL,SCENEEND
2315.0,2322.0,DAN,HIGH,NEG,OTHER,ANGERRAGE,GESTURE FACE VERBAL,EMOCHANGE
2318.0,2323.0,FORRESTVO,LOW,POS,OTHER,,VERBAL,CHARLEFT
2322.0,2355.0,DAN,LOW,POS,OTHER,,FACE VERBAL,CHARLEFT
2322.0,2356.0,FORREST,LOW,POS,OTHER,,GESTURE FACE VERBAL,EMOCHANGE
2322.0,2360.0,BUBBA,LOW,POS,OTHER,,GESTURE FACE VERBAL,SCENEEND
2356.0,2360.0,FORREST,LOW,NEG,OTHER,FEAR,FACE VERBAL,SCENEEND
2359.0,2375.0,FORREST,LOW,POS,SELF,,CONTEXT FACE,SCENEEND
2370.0,2375.0,FORRESTVO,LOW,POS,SELF,,VERBAL,SCENEEND
2383.0,2415.0,FORRESTVO,LOW,NEG,SELF,,CONTEXT VERBAL,CHARLEFT
2387.0,2398.0,FORREST,LOW,POS,SELF,,CONTEXT FACE,EMOCHANGE
2395.0,2421.0,DAN,HIGH,NEG,OTHER,,CONTEXT GESTURE VERBAL,SCENEEND
2398.0,2421.0,FORREST,LOW,NEG,OTHER,,CONTEXT FACE VERBAL,SCENEEND
2421.0,2488.0,FORREST,LOW,POS,SELF,,FACE VERBAL,SCENEEND
2431.0,2485.0,FORRESTVO,LOW,POS,SELF,,VERBAL,CHARLEFT
2434.0,2441.0,MAN,HIGH,NEG,SELF,,GESTURE FACE,CHARLEFT
2443.0,2449.0,MAN,HIGH,NEG,SELF,,GESTURE FACE VERBAL,CHARLEFT
2447.0,2451.0,MAN,HIGH,NEG,SELF,,GESTURE FACE,CHARLEFT
2455.0,2487.0,FORREST,LOW,NEG,OTHER,,FACE VERBAL,CHARLEFT
2488.0,2499.0,FORREST,LOW,NEG,SELF,,FACE,SCENEEND
2488.0,2493.0,BUBBA,HIGH,NEG,SELF,,GESTURE FACE,EMOCHANGE
2493.0,2499.0,BUBBA,LOW,NEG,SELF,,FACE,SCENEEND
2493.0,2499.0,FORRESTVO,LOW,POS,SELF,,VERBAL,SCENEEND
2499.0,2505.0,FORREST,LOW,NEG,SELF,,GESTURE FACE,SCENEEND
2499.0,2505.0,BUBBA,LOW,NEG,SELF,,CONTEXT GESTURE,SCENEEND
2500.0,2505.0,FORRESTVO,LOW,POS,SELF,,VERBAL,SCENEEND
2505.0,2509.0,FORREST,LOW,NEG,SELF,,CONTEXT FACE,SCENEEND
2505.0,2509.0,BUBBA,LOW,NEG,SELF,,CONTEXT FACE,SCENEEND
2506.0,2508.0,FORRESTVO,LOW,POS,SELF,,VERBAL,CHARLEFT
2509.0,2512.0,FORREST,LOW,NEG,SELF,,CONTEXT FACE,SCENEEND
2509.0,2511.0,FORRESTVO,LOW,POS,SELF,,VERBAL,CHARLEFT
2512.0,2517.0,FORREST,HIGH,NEG,SELF,,GESTURE FACE,SCENEEND
2512.0,2516.0,FORRESTVO,LOW,POS,SELF,,VERBAL,SCENEEND
2517.0,2520.0,FORRESTVO,LOW,NEG,SELF,,VERBAL,CHARLEFT
2519.0,2547.0,FORREST,LOW,NEG,OTHER,,GESTURE VERBAL,EMOCHANGE
2520.0,2555.0,BUBBA,LOW,POS,OTHER,,GESTURE VERBAL,EMOCHANGE
2547.0,2583.0,FORREST,LOW,POS,OTHER,,GESTURE VERBAL,SCENEEND
2555.0,2583.0,BUBBA,HIGH,POS,OTHER,HAPPINESS,FACE VERBAL,SCENEEND
2581.0,2582.0,FORRESTVO,LOW,POS,SELF,,VERBAL,SCENEEND
2587.0,2601.0,FORREST,HIGH,POS,OTHER,,CONTEXT FACE,SCENEEND
2587.0,2601.0,FORRESTVO,LOW,POS,SELF,,VERBAL,SCENEEND
2602.0,2612.0,JENNY,LOW,POS,OTHER,HAPPINESS,GESTURE FACE,SCENEEND
2602.0,2611.0,FORRESTVO,LOW,POS,OTHER,HOPE,VERBAL,CHARLEFT
2606.0,2612.0,MEN,LOW,POS,OTHER,HAPPINESS,GESTURE FACE,SCENEEND
2612.0,2619.0,FORREST,LOW,POS,OTHER,,CONTEXT FACE VERBAL,SCENEEND
2613.0,2618.0,FORRESTVO,LOW,POS,SELF,,VERBAL,CHARLEFT
2623.0,2640.0,FORREST,LOW,NEG,SELF,,GESTURE FACE,EMOCHANGE
2632.0,2643.0,FORRESTVO,LOW,POS,SELF,HAPPINESS,VERBAL,CHARLEFT
2640.0,2645.0,FORREST,LOW,POS,SELF,HAPPINESS,FACE,EMOCHANGE
2645.0,2703.0,FORREST,HIGH,NEG,SELF,FEAR,CONTEXT FACE,EMOCHANGE
2645.0,2692.0,DAN,HIGH,NEG,OTHER,ANGERRAGE,GESTURE FACE VERBAL,EMOCHANGE
2660.0,2709.0,BUBBA,HIGH,NEG,OTHER,FEAR,FACE VERBAL,CHARLEFT
2683.0,2692.0,MAN,HIGH,NEG,SELF,FEAR,CONTEXT GESTURE FACE VERBAL,CHARLEFT
2692.0,2712.0,DAN,HIGH,NEG,OTHER,FEAR,CONTEXT GESTURE FACE VERBAL,EMOCHANGE
2692.0,2717.0,DAN,HIGH,NEG,OTHER,ANGERRAGE,GESTURE FACE VERBAL,CHARLEFT
2703.0,2752.0,FORREST,HIGH,NEG,OTHER,FEAR,FACE,EMOCHANGE
2746.0,3018.0,FORRESTVO,LOW,NEG,SELF,,CONTEXT VERBAL,CHARLEFT
2752.0,2776.0,FORREST,HIGH,NEG,OTHER,FEAR,CONTEXT FACE VERBAL,EMOCHANGE
2776.0,2805.0,FORREST,LOW,NEG,OTHER,COMPASSION,CONTEXT GESTURE FACE VERBAL,EMOCHANGE
2781.0,2816.0,MAN,HIGH,NEG,SELF,FEAR,GESTURE FACE,CHARLEFT
2805.0,2810.0,FORREST,HIGH,NEG,OTHER,FEAR,CONTEXT FACE,EMOCHANGE
2810.0,2816.0,FORREST,LOW,NEG,OTHER,COMPASSION,CONTEXT GESTURE,EMOCHANGE
2814.0,2815.0,MAN,HIGH,NEG,SELF,,FACE,CHARLEFT
2816.0,2819.0,FORREST,HIGH,NEG,OTHER,FEAR,CONTEXT FACE,EMOCHANGE
2819.0,2824.0,FORREST,LOW,NEG,OTHER,COMPASSION,CONTEXT,EMOCHANGE
2819.0,2827.0,MAN,HIGH,NEG,SELF,FEAR,GESTURE FACE VERBAL,CHARLEFT
2823.0,2827.0,MAN,HIGH,NEG,OTHER,,GESTURE VERBAL,CHARLEFT
2824.0,2834.0,FORREST,HIGH,NEG,OTHER,FEAR,CONTEXT FACE,EMOCHANGE
2834.0,2902.0,FORREST,LOW,NEG,OTHER,COMPASSION,CONTEXT FACE,EMOCHANGE
2834.0,2911.0,DAN,HIGH,NEG,OTHER,ANGERRAGE,AUDIO GESTURE FACE VERBAL,CHARLEFT
2902.0,2934.0,FORREST,HIGH,NEG,OTHER,FEAR,FACE VERBAL,EMOCHANGE
2934.0,2952.0,FORREST,LOW,NEG,OTHER,FEARSCONFIRMED,CONTEXT FACE,EMOCHANGE
2938.0,3059.0,BUBBA,HIGH,NEG,SELF,,FACE VERBAL,SCENEEND
2952.0,2960.0,FORREST,HIGH,NEG,OTHER,SADNESS,FACE VERBAL,EMOCHANGE
2960.0,3014.0,FORREST,HIGH,NEG,OTHER,FEAR,CONTEXT FACE,EMOCHANGE
3014.0,3042.0,FORREST,LOW,POS,OTHER,RELIEF,CONTEXT FACE,EMOCHANGE
3042.0,3059.0,FORREST,HIGH,NEG,OTHER,SADNESS,CONTEXT FACE,SCENEEND
3060.0,3076.0,FORREST,LOW,NEG,SELF,SADNESS,FACE VERBAL,EMOCHANGE
3065.0,3074.0,MAN,LOW,NEG,OTHER,COMPASSION,FACE VERBAL,CHARLEFT
3076.0,3094.0,FORREST,LOW,POS,OTHER,,FACE VERBAL,SCENEEND
3094.0,3116.0,FORREST,LOW,POS,SELF,HAPPINESS,FACE VERBAL,EMOCHANGE
3094.0,3103.0,FORRESTVO,LOW,POS,SELF,,VERBAL,CHARLEFT
3103.0,3143.0,DAN,LOW,NEG,OTHER,HATE,GESTURE FACE,CHARLEFT
3116.0,3147.0,FORREST,LOW,NEG,OTHER,DISAPPOINTMENT,CONTEXT FACE,EMOCHANGE
3124.0,3141.0,MAN,LOW,POS,OTHER,,VERBAL,CHARLEFT
3147.0,3156.0,FORREST,LOW,POS,OTHER,HOPE,GESTURE FACE VERBAL,EMOCHANGE
3156.0,3171.0,FORREST,LOW,NEG,OTHER,SADNESS,GESTURE FACE,SCENEEND
3171.0,3188.0,FORREST,LOW,POS,SELF,,CONTEXT,EMOCHANGE
3177.0,3189.0,MAN,LOW,NEG,OTHER,CONTEMPT,FACE VERBAL,EMOFADED
3188.0,3190.0,FORREST,LOW,NEG,OTHER,,CONTEXT FACE,EMOCHANGE
3189.0,3226.0,MAN,LOW,POS,OTHER,,GESTURE FACE VERBAL,CHARLEFT
3190.0,3210.0,FORREST,LOW,POS,OTHER,,CONTEXT,EMOCHANGE
3210.0,3249.0,FORREST,HIGH,POS,SELF,,CONTEXT FACE,CHARLEFT
3220.0,3249.0,FORRESTVO,LOW,POS,SELF,,VERBAL,CHARLEFT
3236.0,3250.0,MEN,LOW,POS,OTHER,ADMIRATION,AUDIO GESTURE FACE,CHARLEFT
3249.0,3252.0,DAN,LOW,NEG,OTHER,HATE,FACE,SCENEEND
3252.0,3268.0,MAN,LOW,POS,OTHER,,CONTEXT FACE VERBAL,SCENEEND
3256.0,3268.0,FORREST,HIGH,POS,SELF,,FACE VERBAL,SCENEEND
3268.0,3273.0,FORREST,LOW,POS,SELF,HAPPINESS,FACE VERBAL,EMOCHANGE
3273.0,3294.0,FORREST,LOW,NEG,OTHER,,FACE,SCENEEND
3290.0,3293.0,FORRESTVO,LOW,POS,SELF,,CONTEXT VERBAL,CHARLEFT
3294.0,3298.0,MAN,LOW,POS,SELF,,FACE VERBAL,SCENEEND
3298.0,3306.0,OLDMEN,LOW,NEG,SELF,,FACE,SCENEEND
3306.0,3324.0,PRESIDENTJOHNSON,LOW,POS,OTHER,,GESTURE FACE VERBAL,SCENEEND
3306.0,3320.0,FORREST,LOW,POS,OTHER,,GESTURE FACE VERBAL,EMOCHANGE
3309.0,3311.0,MRSGUMP,LOW,POS,OTHER,PRIDE,FACE,CHARLEFT
3320.0,3324.0,FORREST,LOW,NEG,OTHER,,FACE,SCENEEND
3327.0,3328.0,PRESIDENTJOHNSON,LOW,POS,OTHER,,AUDIO FACE,CHARLEFT
3328.0,3331.0,MRSGUMP,HIGH,NEG,OTHER,,FACE,CHARLEFT
3328.0,3329.0,OLDMEN,HIGH,NEG,OTHER,,GESTURE FACE,SCENEEND
3331.0,3335.0,PRESIDENTJOHNSON,LOW,POS,OTHER,,AUDIO FACE VERBAL,SCENEEND
3331.0,3335.0,FORREST,LOW,NEG,SELF,,FACE,SCENEEND
3335.0,3578.0,FORRESTVO,LOW,POS,SELF,,VERBAL,SCENEEND
3336.0,3353.0,FORREST,LOW,POS,SELF,,GESTURE FACE,EMOCHANGE
3348.0,3488.0,WOMAN,LOW,NEG,OTHER,,GESTURE FACE VERBAL,EMOCHANGE
3353.0,3386.0,FORREST,LOW,NEG,OTHER,CONTEMPT,CONTEXT FACE,EMOCHANGE
3380.0,3488.0,ABBIEHOFFMAN,HIGH,POS,OTHER,,GESTURE VERBAL,EMOCHANGE
3382.0,3425.0,MAN,LOW,POS,OTHER,,GESTURE VERBAL,CHARLEFT
3386.0,3418.0,FORREST,LOW,NEG,OTHER,,FACE,EMOCHANGE
3390.0,3486.0,CROWD,HIGH,POS,OTHER,,GESTURE VERBAL,EMOCHANGE
3418.0,3539.0,FORREST,HIGH,NEG,SELF,FEAR,GESTURE FACE VERBAL,EMOCHANGE
3479.0,3496.0,MAN,LOW,NEG,OTHER,,CONTEXT FACE,CHARLEFT
3486.0,3537.0,CROWD,LOW,NEG,OTHER,ANGERRAGE,CONTEXT VERBAL,EMOFADED
3488.0,3514.0,WOMAN,HIGH,NEG,OTHER,ANGERRAGE,GESTURE FACE VERBAL,CHARLEFT
3488.0,3538.0,ABBIEHOFFMAN,LOW,POS,OTHER,GRATITUDE,GESTURE FACE VERBAL,CHARLEFT
3539.0,3578.0,FORREST,HIGH,POS,OTHER,HAPPINESS,CONTEXT FACE VERBAL,SCENEEND
3539.0,3578.0,JENNY,HIGH,POS,OTHER,HAPPINESS,GESTURE FACE VERBAL,SCENEEND
3567.0,3578.0,CROWD,HIGH,POS,OTHER,,GESTURE VERBAL,SCENEEND
3578.0,3587.0,JENNY,LOW,POS,OTHER,HAPPINESS,CONTEXT GESTURE,SCENEEND
3578.0,3587.0,FORREST,LOW,POS,OTHER,HAPPINESS,CONTEXT GESTURE,SCENEEND
3580.0,3587.0,FORRESTVO,LOW,POS,OTHER,HAPPINESS,VERBAL,SCENEEND
3587.0,3589.0,FORRESTVO,LOW,POS,SELF,,VERBAL,CHARLEFT
3589.0,3594.0,MAN,HIGH,NEG,OTHER,ANGERRAGE,GESTURE FACE VERBAL,CHARLEFT
3589.0,3646.0,FORREST,LOW,NEG,OTHER,,CONTEXT,EMOCHANGE
3589.0,3613.0,JENNY,LOW,NEG,OTHER,ANGERRAGE,GESTURE FACE VERBAL,EMOCHANGE
3594.0,3648.0,MAN,HIGH,NEG,OTHER,ANGERRAGE,GESTURE FACE VERBAL,CHARLEFT
3598.0,3610.0,MAN,HIGH,NEG,OTHER,ANGERRAGE,GESTURE FACE VERBAL,EMOCHANGE
3610.0,3643.0,MAN,LOW,NEG,OTHER,CONTEMPT,GESTURE FACE VERBAL,EMOCHANGE
3613.0,3623.0,JENNY,LOW,POS,OTHER,,GESTURE FACE,EMOCHANGE
3623.0,3674.0,JENNY,HIGH,NEG,OTHER,ANGERRAGE,CONTEXT GESTURE FACE VERBAL,EMOCHANGE
3643.0,3681.0,MAN,HIGH,NEG,OTHER,HATE,CONTEXT GESTURE FACE VERBAL,CHARLEFT
3646.0,3700.0,FORREST,HIGH,NEG,OTHER,ANGERRAGE,CONTEXT GESTURE FACE VERBAL,EMOFADED SCENEEND
3674.0,3700.0,JENNY,LOW,NEG,OTHER,SADNESS,GESTURE FACE,SCENEEND
3701.0,3724.0,JENNY,LOW,NEG,OTHER,SADNESS,GESTURE FACE VERBAL,EMOCHANGE
3701.0,3705.0,FORREST,LOW,NEG,OTHER,,AUDIO FACE,EMOCHANGE
3705.0,3717.0,FORREST,LOW,POS,OTHER,HOPE,FACE VERBAL,EMOCHANGE
3717.0,3728.0,FORREST,LOW,NEG,OTHER,DISAPPOINTMENT,FACE,EMOCHANGE
3724.0,3752.0,JENNY,LOW,POS,OTHER,,GESTURE FACE VERBAL,SCENEEND
3728.0,3752.0,FORREST,LOW,POS,OTHER,,FACE,SCENEEND
3747.0,3752.0,FORRESTVO,LOW,POS,OTHER,HAPPINESS,VERBAL,SCENEEND
3752.0,3755.0,JENNY,LOW,NEG,SELF,,CONTEXT,EMOCHANGE
3755.0,3757.0,JENNY,LOW,POS,OTHER,GRATITUDE,CONTEXT,SCENEEND
3757.0,3764.0,JENNY,LOW,POS,SELF,,FACE,SCENEEND
3757.0,3764.0,FORRESTVO,LOW,POS,SELF,,VERBAL,SCENEEND
3764.0,3769.0,FORRESTVO,LOW,POS,SELF,,VERBAL,CHARLEFT
3768.0,3776.0,JENNY,LOW,POS,OTHER,,GESTURE FACE VERBAL,CHARLEFT
3773.0,3778.0,MAN,LOW,POS,OTHER,,GESTURE FACE VERBAL,SCENEEND
3778.0,3786.0,FORREST,LOW,POS,OTHER,,CONTEXT,EMOCHANGE
3778.0,3786.0,JENNY,LOW,POS,OTHER,,CONTEXT,EMOCHANGE
3779.0,3785.0,FORRESTVO,LOW,POS,SELF,,VERBAL,CHARLEFT
3786.0,3794.0,FORREST,LOW,NEG,OTHER,SADNESS,CONTEXT FACE VERBAL,EMOCHANGE
3786.0,3794.0,JENNY,LOW,NEG,OTHER,,FACE VERBAL,EMOCHANGE
3791.0,3889.0,MAN,LOW,NEG,OTHER,,GESTURE FACE VERBAL,CHARLEFT
3794.0,3811.0,FORREST,LOW,NEG,OTHER,CONTEMPT,CONTEXT,EMOCHANGE
3794.0,3826.0,JENNY,LOW,NEG,OTHER,CONTEMPT,GESTURE FACE,EMOCHANGE
3811.0,3824.0,FORREST,HIGH,NEG,OTHER,ANGERRAGE,FACE VERBAL,EMOFADED
3826.0,3848.0,JENNY,LOW,NEG,OTHER,SADNESS,FACE VERBAL,EMOCHANGE
3833.0,3861.0,FORREST,LOW,NEG,OTHER,,CONTEXT FACE VERBAL,EMOCHANGE
3848.0,3901.0,JENNY,LOW,POS,OTHER,,FACE VERBAL,EMOCHANGE
3861.0,3881.0,FORREST,LOW,POS,OTHER,,FACE VERBAL,EMOCHANGE
3881.0,3887.0,FORREST,LOW,NEG,OTHER,SADNESS,FACE,EMOCHANGE
3887.0,3891.0,FORREST,LOW,NEG,OTHER,CONTEMPT,FACE,EMOCHANGE
3891.0,3912.0,FORREST,LOW,NEG,OTHER,SADNESS,CONTEXT GESTURE FACE,SCENEEND
3901.0,3907.0,JENNY,LOW,NEG,OTHER,SADNESS,CONTEXT FACE,CHARLEFT
3906.0,3910.0,FORRESTVO,LOW,NEG,SELF,,VERBAL,SCENEEND
3924.0,3937.0,CROWD,LOW,POS,OTHER,,GESTURE FACE,CHARLEFT
3925.0,3938.0,FORRESTVO,LOW,POS,SELF,,VERBAL,SCENEEND
3927.0,3938.0,FORREST,HIGH,POS,SELF,,CONTEXT,SCENEEND
3938.0,3941.0,FORREST,LOW,POS,SELF,PRIDE,FACE VERBAL,SCENEEND
3942.0,3958.0,FORRESTVO,LOW,POS,SELF,,VERBAL,SCENEEND
3942.0,3958.0,FORREST,HIGH,POS,SELF,,CONTEXT FACE,SCENEEND
3958.0,3963.0,FORREST,LOW,POS,SELF,PRIDE,FACE VERBAL,SCENEEND
3961.0,3963.0,MAN,LOW,POS,OTHER,,FACE,SCENEEND
3963.0,4001.0,DICKCAVETT,LOW,POS,OTHER,,GESTURE FACE VERBAL,EMOCHANGE
3968.0,4017.0,FORREST,HIGH,NEG,SELF,,CONTEXT GESTURE FACE VERBAL,CHARLEFT
3975.0,4011.0,JOHNLENNON,LOW,POS,OTHER,,GESTURE FACE VERBAL,EMOCHANGE
4001.0,4004.0,DICKCAVETT,LOW,NEG,OTHER,,FACE VERBAL,CHARLEFT
4008.0,4020.0,FORRESTVO,LOW,NEG,OTHER,,CONTEXT,SCENEEND
4011.0,4020.0,JOHNLENNON,LOW,NEG,SELF,,FACE,SCENEEND
4021.0,4032.0,FORREST,LOW,POS,OTHER,,CONTEXT FACE VERBAL,EMOCHANGE
4023.0,4076.0,DAN,HIGH,NEG,OTHER,CONTEMPT,FACE VERBAL,CHARLEFT
4032.0,4039.0,FORREST,HIGH,POS,OTHER,,FACE VERBAL,EMOCHANGE
4039.0,4077.0,FORREST,LOW,NEG,OTHER,,FACE VERBAL,EMOCHANGE
4077.0,4079.0,FORREST,HIGH,NEG,OTHER,FEAR,FACE VERBAL,SCENEEND
4079.0,4112.0,FORREST,LOW,POS,OTHER,,GESTURE FACE VERBAL,SCENEEND
4079.0,4105.0,DAN,LOW,NEG,SELF,CONTEMPT,GESTURE VERBAL,EMOCHANGE
4079.0,4087.0,FORRESTVO,LOW,POS,SELF,,VERBAL,CHARLEFT
4105.0,4112.0,DAN,HIGH,NEG,OTHER,ANGERRAGE,GESTURE FACE VERBAL,SCENEEND
4118.0,4139.0,DAN,LOW,NEG,SELF,SADNESS,FACE,EMOCHANGE
4118.0,4135.0,FORREST,LOW,POS,SELF,,CONTEXT FACE,EMOCHANGE
4135.0,4213.0,FORREST,LOW,NEG,OTHER,,FACE VERBAL,SCENEEND
4139.0,4146.0,DAN,LOW,POS,OTHER,,AUDIO FACE,EMOCHANGE
4146.0,4198.0,DAN,HIGH,NEG,OTHER,ANGERRAGE,GESTURE FACE VERBAL,EMOCHANGE
4198.0,4213.0,DAN,LOW,POS,OTHER,,FACE VERBAL,SCENEEND
4220.0,4247.0,DAN,LOW,NEG,OTHER,CONTEMPT,VERBAL,EMOCHANGE
4222.0,4242.0,FORREST,LOW,POS,SELF,,VERBAL,EMOCHANGE
4242.0,4310.0,FORREST,LOW,NEG,OTHER,,FACE,SCENEEND
4247.0,4271.0,DAN,HIGH,POS,OTHER,GLOATING,AUDIO FACE VERBAL,EMOCHANGE
4271.0,4302.0,DAN,LOW,POS,OTHER,,FACE VERBAL,CHARLEFT
4271.0,4310.0,WOMAN,LOW,POS,OTHER,,GESTURE FACE VERBAL,SCENEEND
4271.0,4305.0,WOMAN,LOW,POS,OTHER,,GESTURE FACE VERBAL,SCENEEND
4305.0,4310.0,FORRESTVO,LOW,NEG,OTHER,SADNESS,VERBAL,SCENEEND
4310.0,4315.0,FORRESTVO,LOW,NEG,SELF,SADNESS,VERBAL,CHARLEFT
4310.0,4312.0,MAN,LOW,POS,SELF,,FACE VERBAL,CHARLEFT
4314.0,4337.0,JENNY,LOW,NEG,SELF,,GESTURE FACE,SCENEEND
4335.0,4343.0,CROWD,HIGH,POS,SELF,HAPPINESS,VERBAL,SCENEEND
4335.0,4343.0,MAN,LOW,POS,SELF,HAPPINESS,VERBAL,SCENEEND
4342.0,4374.0,CROWD,HIGH,POS,SELF,HAPPINESS,GESTURE FACE VERBAL,SCENEEND
4350.0,4360.0,FORREST,LOW,POS,SELF,HAPPINESS,CONTEXT FACE,EMOCHANGE
4355.0,4374.0,CROWD,HIGH,POS,SELF,HAPPINESS,VERBAL,SCENEEND
4359.0,4374.0,DAN,LOW,NEG,OTHER,,FACE,SCENEEND
4360.0,4371.0,FORREST,LOW,NEG,OTHER,,FACE,CHARLEFT
4374.0,4379.0,MAN,LOW,POS,OTHER,,FACE,SCENEEND
4377.0,4379.0,FORRESTVO,LOW,POS,SELF,,VERBAL,SCENEEND
4379.0,4391.0,FORREST,LOW,NEG,OTHER,,FACE VERBAL,SCENEEND
4391.0,4394.0,FORRESTVO,LOW,POS,SELF,,VERBAL,CHARLEFT
4394.0,4408.0,PRESIDENTNIXON,LOW,POS,OTHER,,FACE VERBAL,SCENEEND
4396.0,4408.0,FORREST,HIGH,POS,OTHER,,GESTURE FACE VERBAL,SCENEEND
4409.0,4431.0,FORREST,LOW,POS,OTHER,,FACE VERBAL,SCENEEND
4409.0,4426.0,MAN,LOW,POS,OTHER,,VERBAL,CHARLEFT
4431.0,4436.0,PRESIDENTNIXON,LOW,NEG,SELF,,FACE VERBAL,CHARLEFT
4442.0,4468.0,MAN,LOW,POS,SELF,,GESTURE FACE VERBAL,CHARLEFT
4453.0,4459.0,FORREST,HIGH,POS,SELF,,CONTEXT,EMOCHANGE
4459.0,4472.0,FORREST,LOW,NEG,SELF,DISAPPOINTMENT,FACE VERBAL,EMOCHANGE
4470.0,4481.0,FORRESTVO,LOW,POS,SELF,,VERBAL,CHARLEFT
4472.0,4488.0,FORREST,HIGH,POS,SELF,,GESTURE FACE,SCENEEND
4488.0,4513.0,MRSGUMP,HIGH,POS,OTHER,HAPPINESS,GESTURE FACE VERBAL,EMOCHANGE
4495.0,4544.0,FORREST,LOW,POS,OTHER,,CONTEXT VERBAL,SCENEEND
4507.0,4544.0,FORRESTVO,LOW,POS,SELF,,VERBAL,SCENEEND
4513.0,4529.0,MRSGUMP,LOW,NEG,OTHER,,FACE VERBAL,EMOCHANGE
4527.0,4533.0,WOMAN,LOW,POS,OTHER,HAPPINESS,FACE VERBAL,CHARLEFT
4529.0,4544.0,MRSGUMP,LOW,POS,OTHER,,FACE VERBAL,SCENEEND
4544.0,4555.0,FORRESTVO,LOW,POS,SELF,,VERBAL,CHARLEFT
4544.0,4563.0,FORREST,LOW,POS,SELF,,CONTEXT,SCENEEND
4555.0,4563.0,MRSBLUE,LOW,NEG,OTHER,,GESTURE FACE VERBAL,SCENEEND
4563.0,4588.0,FORREST,LOW,NEG,OTHER,SADNESS,CONTEXT GESTURE FACE,SCENEEND
4563.0,4567.0,FORRESTVO,LOW,NEG,OTHER,SADNESS,CONTEXT VERBAL,SCENEEND
4589.0,4605.0,FORREST,LOW,POS,SELF,,CONTEXT FACE,SCENEEND
4589.0,4598.0,FORRESTVO,LOW,POS,SELF,,VERBAL,CHARLEFT
4598.0,4605.0,OLDMAN,LOW,NEG,OTHER,,FACE VERBAL,SCENEEND
4605.0,4629.0,FORREST,LOW,POS,SELF,PRIDE,FACE VERBAL,SCENEEND
4631.0,4651.0,FORREST,LOW,POS,SELF,,CONTEXT,EMOCHANGE
4649.0,4659.0,FORRESTVO,LOW,POS,SELF,,VERBAL,SCENEEND
4651.0,4659.0,FORREST,LOW,NEG,SELF,DISAPPOINTMENT,CONTEXT FACE,SCENEEND
4659.0,4674.0,FORREST,LOW,NEG,SELF,DISAPPOINTMENT,GESTURE FACE VERBAL,EMOCHANGE
4660.0,4676.0,OLDMAN,LOW,POS,OTHER,,AUDIO GESTURE FACE VERBAL,CHARLEFT
4674.0,4689.0,FORREST,LOW,POS,OTHER,LOVE,CONTEXT,SCENEEND
4675.0,4685.0,FORRESTVO,LOW,POS,OTHER,LOVE,VERBAL,CHARLEFT
4696.0,4708.0,JENNY,LOW,POS,SELF,,AUDIO CONTEXT FACE VERBAL,SCENEEND
4705.0,4708.0,FORRESTVO,LOW,NEG,OTHER,,CONTEXT VERBAL,SCENEEND
4708.0,4714.0,FORREST,LOW,NEG,OTHER,SADNESS,FACE,SCENEEND
4708.0,4714.0,FORRESTVO,LOW,NEG,SELF,,VERBAL,SCENEEND
4716.0,4726.0,MAN,LOW,POS,SELF,,CONTEXT GESTURE FACE,CHARLEFT
4723.0,4737.0,JENNY,LOW,NEG,SELF,,FACE,SCENEEND
4737.0,4742.0,JENNY,LOW,NEG,SELF,,GESTURE FACE,SCENEEND
4742.0,4777.0,JENNY,LOW,NEG,SELF,,GESTURE FACE,EMOCHANGE
4777.0,4801.0,JENNY,HIGH,NEG,SELF,FEAR,GESTURE FACE,SCENEEND
4812.0,4819.0,FORREST,LOW,NEG,OTHER,SADNESS,FACE,SCENEEND
4815.0,4818.0,FORRESTVO,LOW,NEG,OTHER,SADNESS,VERBAL,SCENEEND
4824.0,4827.0,FORREST,LOW,NEG,SELF,,FACE,EMOCHANGE
4827.0,4874.0,FORREST,HIGH,POS,OTHER,HAPPINESS,AUDIO GESTURE FACE VERBAL,EMOCHANGE
4838.0,4917.0,DAN,LOW,POS,OTHER,,FACE VERBAL,SCENEEND
4874.0,4903.0,FORREST,LOW,POS,OTHER,,AUDIO GESTURE FACE VERBAL,EMOCHANGE
4903.0,4915.0,FORREST,LOW,NEG,SELF,,CONTEXT GESTURE FACE,EMOCHANGE
4915.0,4917.0,FORREST,LOW,POS,SELF,,GESTURE FACE,SCENEEND
4919.0,4928.0,DAN,LOW,POS,SELF,,VERBAL,EMOCHANGE
4923.0,4960.0,FORREST,LOW,POS,SELF,,CONTEXT GESTURE FACE,EMOCHANGE
4928.0,4945.0,DAN,HIGH,NEG,OTHER,ANGERRAGE,VERBAL,EMOCHANGE
4945.0,4961.0,DAN,HIGH,POS,SELF,HOPE,AUDIO GESTURE VERBAL,EMOCHANGE
4960.0,4974.0,FORREST,LOW,NEG,SELF,DISAPPOINTMENT,AUDIO GESTURE FACE VERBAL,SCENEEND
4961.0,4974.0,DAN,LOW,NEG,SELF,DISAPPOINTMENT,GESTURE FACE VERBAL,SCENEEND
4973.0,4982.0,CROWD,HIGH,POS,SELF,HAPPINESS,GESTURE FACE,CHARLEFT
4978.0,4982.0,FORREST,HIGH,POS,SELF,,CONTEXT FACE,CHARLEFT
4983.0,4989.0,DAN,LOW,NEG,SELF,,CONTEXT FACE,SCENEEND
4983.0,4989.0,FORRESTVO,LOW,POS,SELF,,VERBAL,SCENEEND
4995.0,5014.0,FORREST,LOW,NEG,SELF,DISAPPOINTMENT,CONTEXT GESTURE FACE VERBAL,SCENEEND
5001.0,5014.0,DAN,LOW,NEG,OTHER,CONTEMPT,FACE VERBAL,SCENEEND
5008.0,5014.0,FORRESTVO,LOW,POS,SELF,,VERBAL,SCENEEND
5019.0,5048.0,FORREST,HIGH,NEG,SELF,FEAR,CONTEXT GESTURE VERBAL,CHARLEFT
5030.0,5064.0,DAN,HIGH,POS,SELF,,AUDIO GESTURE FACE VERBAL,SCENEEND
5031.0,5037.0,FORRESTVO,LOW,POS,OTHER,,AUDIO VERBAL,CHARLEFT
5066.0,5074.0,MAN,LOW,NEG,OTHER,,CONTEXT VERBAL,SCENEEND
5067.0,5074.0,MAN,LOW,NEG,SELF,,CONTEXT FACE VERBAL,SCENEEND
5074.0,5085.0,MAN,LOW,NEG,OTHER,,FACE VERBAL,CHARLEFT
5085.0,5088.0,MRSGUMP,HIGH,POS,OTHER,,FACE VERBAL,CHARLEFT
5088.0,5090.0,FORREST,HIGH,POS,OTHER,,GESTURE,SCENEEND
5088.0,5090.0,FORRESTVO,LOW,POS,SELF,,VERBAL,SCENEEND
5090.0,5100.0,FORREST,HIGH,POS,SELF,HAPPINESS,CONTEXT GESTURE FACE,SCENEEND
5090.0,5100.0,DAN,HIGH,POS,SELF,HAPPINESS,CONTEXT FACE,SCENEEND
5095.0,5100.0,FORRESTVO,LOW,POS,SELF,HAPPINESS,CONTEXT VERBAL,SCENEEND
5100.0,5128.0,FORREST,LOW,POS,SELF,PRIDE,FACE VERBAL,EMOCHANGE
5117.0,5142.0,MAN,HIGH,POS,OTHER,,AUDIO GESTURE FACE VERBAL,CHARLEFT
5119.0,5163.0,OLDWOMAN,LOW,POS,OTHER,ADMIRATION,FACE VERBAL,EMOCHANGE
5128.0,5151.0,FORREST,LOW,NEG,OTHER,DISAPPOINTMENT,CONTEXT FACE,EMOCHANGE
5151.0,5167.0,FORREST,LOW,POS,OTHER,,FACE VERBAL,SCENEEND
5163.0,5167.0,OLDWOMAN,LOW,NEG,OTHER,,AUDIO FACE,SCENEEND
5167.0,5186.0,DAN,LOW,NEG,OTHER,REMORSE,FACE VERBAL,EMOCHANGE
5169.0,5199.0,FORREST,LOW,POS,OTHER,,CONTEXT,CHARLEFT
5186.0,5208.0,DAN,LOW,POS,SELF,HAPPINESS,FACE,SCENEEND
5202.0,5208.0,FORRESTVO,LOW,POS,OTHER,,VERBAL,SCENEEND
5208.0,5223.0,FORREST,LOW,NEG,SELF,,GESTURE FACE,EMOCHANGE
5208.0,5234.0,OLDWOMAN,LOW,POS,OTHER,,FACE VERBAL,CHARLEFT
5223.0,5237.0,FORREST,LOW,POS,SELF,,CONTEXT FACE VERBAL,SCENEEND
5239.0,5242.0,FORREST,LOW,POS,SELF,HAPPINESS,CONTEXT,SCENEEND
5239.0,5242.0,FORRESTVO,LOW,POS,SELF,,VERBAL,SCENEEND
5242.0,5253.0,FORREST,LOW,POS,SELF,,CONTEXT,SCENEEND
5242.0,5253.0,FORRESTVO,LOW,POS,SELF,,VERBAL,SCENEEND
5253.0,5257.0,FORREST,LOW,POS,SELF,,FACE VERBAL,SCENEEND
5257.0,5263.0,CROWD,HIGH,POS,SELF,,GESTURE VERBAL,SCENEEND
5259.0,5263.0,FORRESTVO,LOW,POS,SELF,,VERBAL,SCENEEND
5264.0,5271.0,FORRESTVO,LOW,POS,SELF,,VERBAL,CHARLEFT
5264.0,5268.0,MAN,LOW,POS,OTHER,,GESTURE VERBAL,CHARLEFT
5273.0,5277.0,FORRESTVO,LOW,POS,SELF,,VERBAL,CHARLEFT
5277.0,5279.0,CROWD,HIGH,POS,OTHER,,AUDIO GESTURE,SCENEEND
5279.0,5286.0,MRSBLUE,LOW,POS,OTHER,,GESTURE FACE,EMOCHANGE
5280.0,5287.0,FORRESTVO,LOW,POS,SELF,,VERBAL,CHARLEFT
5286.0,5290.0,MRSBLUE,HIGH,POS,OTHER,HAPPINESS,GESTURE FACE,CHARLEFT
5290.0,5292.0,FORREST,LOW,POS,SELF,,FACE VERBAL,SCENEEND
5293.0,5296.0,FORRESTVO,LOW,POS,SELF,,VERBAL,CHARLEFT
5293.0,5299.0,WOMAN,LOW,NEG,OTHER,,FACE,SCENEEND
5295.0,5299.0,MRSBLUE,LOW,POS,OTHER,HAPPINESS,FACE VERBAL,SCENEEND
5298.0,5306.0,FORRESTVO,LOW,POS,SELF,HAPPINESS,VERBAL,CHARLEFT
5298.0,5307.0,FORREST,LOW,POS,SELF,,CONTEXT,SCENEEND
5307.0,5319.0,FORREST,LOW,NEG,OTHER,SADNESS,FACE,EMOCHANGE
5308.0,5316.0,FORRESTVO,LOW,NEG,OTHER,SADNESS,CONTEXT VERBAL,SCENEEND
5319.0,5328.0,FORREST,LOW,POS,OTHER,HOPE,FACE,EMOCHANGE
5328.0,5349.0,FORREST,LOW,NEG,OTHER,DISAPPOINTMENT,FACE,SCENEEND
5354.0,5383.0,FORREST,HIGH,NEG,OTHER,,CONTEXT,EMOCHANGE
5378.0,5430.0,FORRESTVO,LOW,POS,OTHER,LOVE,VERBAL,SCENEEND
5383.0,5430.0,FORREST,LOW,POS,OTHER,,CONTEXT GESTURE FACE,SCENEEND
5400.0,5430.0,JENNY,LOW,POS,OTHER,HAPPINESS,GESTURE FACE VERBAL,SCENEEND
5431.0,5446.0,FORREST,LOW,POS,OTHER,HAPPINESS,VERBAL,SCENEEND
5439.0,5446.0,FORREST,LOW,POS,OTHER,,CONTEXT,SCENEEND
5447.0,5461.0,FORRESTVO,LOW,POS,SELF,,VERBAL,CHARLEFT
5449.0,5464.0,FORREST,HIGH,POS,OTHER,,VERBAL,SCENEEND
5449.0,5461.0,JENNY,LOW,POS,OTHER,,GESTURE FACE,EMOCHANGE
5461.0,5464.0,JENNY,LOW,NEG,SELF,,FACE,SCENEEND
5464.0,5473.0,FORRESTVO,LOW,POS,SELF,HAPPINESS,VERBAL,CHARLEFT
5471.0,5474.0,FORREST,LOW,POS,OTHER,HAPPINESS,CONTEXT GESTURE,SCENEEND
5471.0,5474.0,JENNY,LOW,POS,OTHER,HAPPINESS,CONTEXT GESTURE,SCENEEND
5474.0,5481.0,JENNY,LOW,NEG,SELF,SADNESS,GESTURE FACE,SCENEEND
5475.0,5479.0,FORRESTVO,LOW,POS,SELF,,VERBAL,CHARLEFT
5481.0,5488.0,FORREST,LOW,POS,OTHER,,CONTEXT FACE,SCENEEND
5481.0,5488.0,JENNY,LOW,POS,OTHER,,GESTURE FACE VERBAL,SCENEEND
5481.0,5484.0,FORRESTVO,LOW,POS,OTHER,,CONTEXT VERBAL,CHARLEFT
5489.0,5508.0,FORREST,HIGH,POS,OTHER,HAPPINESS,GESTURE,SCENEEND
5489.0,5508.0,JENNY,HIGH,POS,OTHER,HAPPINESS,GESTURE,SCENEEND
5492.0,5508.0,FORRESTVO,LOW,POS,SELF,,VERBAL,SCENEEND
5508.0,5518.0,FORREST,LOW,POS,OTHER,HAPPINESS,CONTEXT,CHARLEFT
5508.0,5518.0,JENNY,LOW,POS,OTHER,LOVE,GESTURE,CHARLEFT
5510.0,5513.0,FORRESTVO,LOW,POS,SELF,,VERBAL,CHARLEFT
5530.0,5605.0,JENNY,LOW,NEG,SELF,SADNESS,AUDIO GESTURE FACE VERBAL,SCENEEND
5534.0,5567.0,FORREST,LOW,POS,OTHER,LOVE,FACE VERBAL,EMOCHANGE
5567.0,5605.0,FORREST,LOW,NEG,OTHER,DISAPPOINTMENT,FACE VERBAL,SCENEEND
5609.0,5621.0,FORREST,LOW,NEG,SELF,,FACE,EMOCHANGE
5621.0,5663.0,FORREST,LOW,POS,OTHER,LOVE,CONTEXT GESTURE VERBAL,SCENEEND
5622.0,5663.0,JENNY,LOW,POS,OTHER,LOVE,CONTEXT FACE,SCENEEND
5667.0,5689.0,JENNY,LOW,NEG,SELF,,CONTEXT FACE,SCENEEND
5682.0,5684.0,MAN,LOW,POS,OTHER,,FACE VERBAL,CHARLEFT
5716.0,5737.0,FORREST,LOW,NEG,OTHER,SADNESS,FACE,SCENEEND
5744.0,5766.0,FORREST,LOW,NEG,OTHER,SADNESS,FACE,EMOCHANGE
5744.0,5786.0,FORREST,LOW,POS,SELF,,CONTEXT,SCENEEND
5774.0,5786.0,FORRESTVO,LOW,POS,SELF,,VERBAL,SCENEEND
5786.0,5788.0,OLDMEN,LOW,NEG,OTHER,,FACE,CHARLEFT
5786.0,5790.0,FORRESTVO,LOW,POS,SELF,,VERBAL,CHARLEFT
5787.0,5791.0,FORREST,HIGH,POS,SELF,,CONTEXT,SCENEEND
5791.0,5804.0,FORREST,LOW,POS,SELF,,CONTEXT GESTURE,SCENEEND
5791.0,5804.0,FORRESTVO,LOW,POS,SELF,HAPPINESS,VERBAL,SCENEEND
5804.0,5811.0,FORREST,LOW,POS,SELF,,FACE VERBAL,SCENEEND
5812.0,5841.0,FORREST,LOW,POS,SELF,,CONTEXT,SCENEEND
5816.0,5841.0,FORRESTVO,LOW,POS,SELF,,VERBAL,SCENEEND
5841.0,5853.0,FORREST,LOW,POS,SELF,,CONTEXT FACE VERBAL,SCENEEND
5848.0,5853.0,OLDWOMAN,HIGH,POS,OTHER,ADMIRATION,FACE VERBAL,SCENEEND
5863.0,5900.0,FORREST,LOW,NEG,OTHER,,CONTEXT FACE,SCENEEND
5887.0,5899.0,FORRESTVO,LOW,NEG,OTHER,,CONTEXT VERBAL,CHARLEFT
5900.0,5909.0,MAN,LOW,POS,OTHER,,FACE VERBAL,SCENEEND
5907.0,5909.0,OLDMEN,LOW,NEG,OTHER,,FACE,SCENEEND
5909.0,5916.0,JENNY,LOW,NEG,SELF,,FACE,EMOCHANGE
5912.0,5922.0,MAN,LOW,POS,OTHER,,VERBAL,SCENEEND
5916.0,5922.0,JENNY,LOW,POS,OTHER,,GESTURE VERBAL,SCENEEND
5922.0,5939.0,MEN,HIGH,POS,OTHER,,GESTURE FACE VERBAL,SCENEEND
5922.0,5939.0,FORREST,LOW,POS,SELF,,CONTEXT VERBAL,SCENEEND
5930.0,5934.0,FORRESTVO,LOW,POS,SELF,,VERBAL,CHARLEFT
5939.0,5941.0,FORREST,LOW,POS,SELF,,FACE VERBAL,SCENEEND
5941.0,5945.0,MAN,HIGH,POS,OTHER,,FACE VERBAL,SCENEEND
5943.0,5945.0,FORREST,LOW,POS,OTHER,,GESTURE FACE,SCENEEND
5945.0,5950.0,FORREST,LOW,POS,SELF,,FACE VERBAL,SCENEEND
5950.0,5973.0,FORREST,LOW,NEG,OTHER,,FACE,SCENEEND
5950.0,5973.0,MAN,HIGH,POS,OTHER,ADMIRATION,GESTURE FACE VERBAL,SCENEEND
5960.0,5973.0,FORRESTVO,LOW,POS,SELF,,VERBAL,SCENEEND
5973.0,5980.0,FORREST,LOW,POS,SELF,,FACE VERBAL,SCENEEND
5980.0,6007.0,FORREST,LOW,POS,SELF,,CONTEXT VERBAL,SCENEEND
5980.0,6014.0,FORRESTVO,LOW,POS,SELF,,VERBAL,SCENEEND
5983.0,6013.0,MAN,HIGH,POS,OTHER,HOPE,FACE VERBAL,SCENEEND
6015.0,6024.0,FORREST,LOW,POS,SELF,,CONTEXT,EMOCHANGE
6015.0,6040.0,MAN,LOW,POS,SELF,,FACE VERBAL,EMOCHANGE
6015.0,6045.0,FORRESTVO,LOW,POS,SELF,,VERBAL,SCENEEND
6024.0,6030.0,FORREST,LOW,NEG,OTHER,,CONTEXT GESTURE,EMOCHANGE
6030.0,6037.0,FORREST,LOW,POS,SELF,,VERBAL,CHARLEFT
6040.0,6045.0,MAN,HIGH,POS,SELF,HAPPINESS,FACE,SCENEEND
6045.0,6071.0,FORRESTVO,LOW,POS,SELF,,VERBAL,EMOFADED
6072.0,6134.0,FORREST,LOW,NEG,SELF,,FACE VERBAL,SCENEEND
6074.0,6107.0,MAN,HIGH,POS,OTHER,ADMIRATION,GESTURE VERBAL,EMOCHANGE
6107.0,6134.0,MAN,LOW,NEG,OTHER,,CONTEXT GESTURE VERBAL,SCENEEND
6127.0,6134.0,FORRESTVO,LOW,NEG,SELF,,VERBAL,SCENEEND
6134.0,6153.0,MAN,LOW,NEG,SELF,,CONTEXT VERBAL,SCENEEND
6142.0,6153.0,FORREST,LOW,POS,SELF,,FACE,SCENEEND
6147.0,6153.0,WOMAN,LOW,POS,OTHER,,VERBAL,SCENEEND
6150.0,6153.0,FORRESTVO,LOW,POS,OTHER,,CONTEXT VERBAL,SCENEEND
6154.0,6183.0,FORREST,LOW,POS,OTHER,,FACE VERBAL,EMOCHANGE
6160.0,6200.0,OLDWOMAN,LOW,POS,OTHER,,AUDIO FACE VERBAL,SCENEEND
6183.0,6200.0,FORREST,HIGH,POS,OTHER,,FACE VERBAL,SCENEEND
6200.0,6259.0,JENNY,HIGH,POS,OTHER,HAPPINESS,AUDIO GESTURE FACE VERBAL,EMOCHANGE
6203.0,6251.0,FORREST,HIGH,POS,OTHER,HAPPINESS,CONTEXT FACE VERBAL,EMOCHANGE
6251.0,6264.0,FORREST,HIGH,POS,OTHER,LOVE,GESTURE FACE VERBAL,EMOCHANGE
6259.0,6278.0,JENNY,LOW,NEG,OTHER,REMORSE,AUDIO GESTURE FACE VERBAL,EMOCHANGE
6264.0,6285.0,FORREST,LOW,NEG,OTHER,,FACE,EMOCHANGE
6278.0,6327.0,JENNY,LOW,POS,OTHER,,AUDIO GESTURE FACE VERBAL,EMOCHANGE
6278.0,6291.0,WOMAN,LOW,POS,OTHER,HAPPINESS,GESTURE FACE VERBAL,CHARLEFT
6279.0,6418.0,FORRESTJR,LOW,POS,OTHER,,CONTEXT GESTURE FACE,SCENEEND
6285.0,6306.0,FORREST,HIGH,NEG,OTHER,,FACE,EMOCHANGE
6306.0,6326.0,FORREST,LOW,POS,OTHER,HAPPYFOR,FACE VERBAL,EMOCHANGE
6326.0,6376.0,FORREST,HIGH,NEG,OTHER,FEAR,AUDIO CONTEXT GESTURE FACE VERBAL,EMOCHANGE
6327.0,6358.0,JENNY,LOW,NEG,OTHER,,FACE VERBAL,EMOCHANGE
6358.0,6407.0,JENNY,LOW,POS,OTHER,LOVE,FACE VERBAL,CHARLEFT
6376.0,6386.0,FORREST,HIGH,POS,OTHER,RELIEF,GESTURE FACE VERBAL,EMOCHANGE
6386.0,6418.0,FORREST,LOW,POS,OTHER,,CONTEXT FACE VERBAL,SCENEEND
6407.0,6413.0,JENNY,HIGH,POS,OTHER,,AUDIO FACE,CHARLEFT
6420.0,6463.0,JENNY,LOW,NEG,SELF,SADNESS,FACE VERBAL,EMOCHANGE
6425.0,6429.0,FORREST,LOW,POS,OTHER,LOVE,FACE,EMOCHANGE
6429.0,6467.0,FORREST,LOW,NEG,OTHER,FEAR,FACE VERBAL,EMOCHANGE
6463.0,6474.0,JENNY,LOW,POS,OTHER,,FACE VERBAL,SCENEEND
6467.0,6474.0,FORREST,LOW,POS,OTHER,,CONTEXT,SCENEEND
6474.0,6484.0,WOMAN,LOW,POS,OTHER,,GESTURE FACE VERBAL,CHARLEFT
6479.0,6486.0,FORREST,HIGH,NEG,OTHER,,GESTURE FACE,EMOCHANGE
6486.0,6510.0,FORREST,LOW,POS,OTHER,LOVE,CONTEXT GESTURE FACE VERBAL,EMOCHANGE
6486.0,6516.0,JENNY,LOW,POS,OTHER,LOVE,GESTURE FACE VERBAL,EMOCHANGE
6510.0,6569.0,FORREST,LOW,POS,OTHER,,GESTURE FACE VERBAL,EMOCHANGE
6512.0,6585.0,DAN,HIGH,POS,OTHER,HAPPINESS,GESTURE FACE VERBAL,CHARLEFT
6512.0,6613.0,WOMAN,LOW,POS,OTHER,,FACE,CHARLEFT
6516.0,6577.0,JENNY,LOW,POS,OTHER,HAPPINESS,GESTURE FACE VERBAL,CHARLEFT
6569.0,6585.0,DAN,HIGH,POS,OTHER,HAPPYFOR,GESTURE FACE VERBAL,CHARLEFT
6569.0,6585.0,FORREST,HIGH,POS,OTHER,PRIDE,GESTURE FACE VERBAL,CHARLEFT
6585.0,6613.0,FORREST,HIGH,POS,OTHER,LOVE,CONTEXT GESTURE,SCENEEND
6585.0,6613.0,JENNY,HIGH,POS,OTHER,LOVE,CONTEXT GESTURE,SCENEEND
6613.0,6619.0,FORREST,LOW,POS,SELF,,CONTEXT,EMOCHANGE
6619.0,6630.0,FORREST,LOW,NEG,OTHER,,FACE,EMOCHANGE
6628.0,6659.0,JENNY,LOW,NEG,SELF,,GESTURE FACE VERBAL,SCENEEND
6630.0,6659.0,FORREST,LOW,POS,OTHER,,FACE,SCENEEND
6659.0,6662.0,FORREST,LOW,NEG,SELF,,FACE,EMOCHANGE
6659.0,6670.0,FORRESTVO,LOW,POS,SELF,,VERBAL,SCENEEND
6662.0,6670.0,FORREST,LOW,POS,SELF,,FACE,SCENEEND
6670.0,6676.0,JENNY,LOW,POS,OTHER,LOVE,FACE,SCENEEND
6670.0,6676.0,FORREST,LOW,NEG,SELF,,FACE VERBAL,SCENEEND
6676.0,6684.0,FORREST,LOW,POS,SELF,,CONTEXT,SCENEEND
6677.0,6684.0,FORRESTVO,LOW,POS,SELF,,VERBAL,SCENEEND
6685.0,6693.0,FORRESTVO,LOW,POS,SELF,,VERBAL,SCENEEND
6693.0,6696.0,FORREST,LOW,POS,SELF,,FACE VERBAL,SCENEEND
6696.0,6701.0,FORREST,LOW,POS,SELF,,CONTEXT,CHARLEFT
6696.0,6709.0,FORRESTVO,LOW,NEG,SELF,,VERBAL,SCENEEND
6709.0,6717.0,FORREST,LOW,POS,SELF,,FACE,EMOCHANGE
6712.0,6732.0,JENNY,LOW,NEG,OTHER,LOVE,GESTURE FACE VERBAL,CHARLEFT
6717.0,6739.0,FORREST,LOW,POS,OTHER,LOVE,CONTEXT FACE,SCENEEND
6736.0,6738.0,FORRESTVO,LOW,NEG,OTHER,SADNESS,VERBAL,CHARLEFT
6739.0,6755.0,FORREST,LOW,NEG,OTHER,SADNESS,GESTURE FACE VERBAL,SCENEEND
6755.0,6760.0,FORREST,LOW,POS,OTHER,,CONTEXT,SCENEEND
6760.0,6778.0,FORREST,LOW,NEG,OTHER,SADNESS,FACE VERBAL,SCENEEND
6778.0,6787.0,FORREST,LOW,POS,OTHER,LOVE,GESTURE FACE,SCENEEND
6778.0,6787.0,FORRESTJR,LOW,POS,SELF,,CONTEXT VERBAL,SCENEEND
6780.0,6787.0,FORRESTVO,LOW,NEG,OTHER,,CONTEXT VERBAL,SCENEEND
6787.0,6800.0,FORREST,HIGH,NEG,OTHER,SADNESS,FACE VERBAL,SCENEEND
6798.0,6800.0,FORREST,HIGH,POS,OTHER,PRIDE,FACE,SCENEEND
6801.0,6807.0,FORREST,LOW,POS,OTHER,,CONTEXT GESTURE FACE VERBAL,SCENEEND
6803.0,6804.0,FORRESTVO,LOW,POS,OTHER,,AUDIO VERBAL,CHARLEFT
6804.0,6807.0,FORRESTJR,LOW,POS,SELF,,CONTEXT GESTURE FACE,SCENEEND
6807.0,6814.0,FORREST,LOW,POS,OTHER,,CONTEXT,SCENEEND
6807.0,6814.0,FORRESTJR,LOW,POS,SELF,,CONTEXT,SCENEEND
6810.0,6812.0,FORRESTVO,LOW,NEG,SELF,,CONTEXT VERBAL,CHARLEFT
6814.0,6945.0,FORREST,HIGH,NEG,OTHER,SADNESS,FACE VERBAL,SCENEEND
6945.0,6978.0,FORREST,LOW,POS,OTHER,,AUDIO FACE VERBAL,EMOCHANGE
6945.0,7009.0,FORRESTJR,LOW,POS,SELF,,FACE VERBAL,CHARLEFT
6978.0,7051.0,FORREST,LOW,NEG,OTHER,SADNESS,FACE VERBAL,CHARLEFT
6994.0,7003.0,WOMAN,LOW,NEG,OTHER,,FACE VERBAL,EMOCHANGE
7003.0,7005.0,WOMAN,LOW,POS,OTHER,,FACE VERBAL,CHARLEFT
